{
    "build_actions": {
        "town": 0.9710446484957829,
        "city": 0.8235981605239533,
        "road": 0.7512555394440026,
        "card": 0.4778046472623553,
        "late_game_pv_bonus_city": 1.4547001424981711,
        "late_game_pv_card_multiplier": 1.145195267036971,
        "late_game_vps_threshold": 6.432801944153974,
        "min_overall_score_threshold": 0.11804828335617995,
        "min_road_score_for_deterministic_build": 1.7388266124889378,
        "suboptimal_start_card_buy_bonus": 1.133680157241044,
        "suboptimal_start_town_build_bonus": 2.05747179229604,
        "suboptimal_start_road_build_bonus": 0.540199276758684,
        "suboptimal_start_bonus_decay_turn": 14.977686500202985
    },
    "settlement_heuristics": {
        "resource_value_base": 1.0382306361788518,
        "resource_priority": {
            "3": 0.8394369275683984,
            "2": 0.7729984670939694,
            "4": 0.750945401399722,
            "0": 1.0235745577041677,
            "1": 0.9058084539232787
        },
        "production_probability_exponent": 0.8946018003770192,
        "new_resource_type_bonus": 0.5354259061543841,
        "port_access_bonus": 0.2551843502964696,
        "specific_port_match_bonus": 0.37527962224173206,
        "number_diversity_bonus": 0.2186567991254894
    },
    "road_heuristics": {
        "to_potential_settlement_spot_bonus": 0.6424816794786288,
        "connects_to_own_settlement_bonus": 0.28317954854173444,
        "longest_road_contribution_bonus": 0.5527026600534957,
        "port_access_bonus": 0.2926519594253837,
        "expansion_to_new_terrain_bonus": 0.3081624670767549,
        "fallback_suboptimal_road_build_probability": 0.4472296202417625,
        "fallback_suboptimal_road_action_score": 0.4338425409701593
    },
    "city_heuristics": {
        "resource_value_base": 1.2221551299575983,
        "resource_priority": {
            "3": 0.4793952757690242,
            "2": 0.45683866835653697,
            "4": 0.6735752693601127,
            "0": 1.0,
            "1": 0.9750513808629134
        },
        "production_probability_exponent": 1.0546455952621454,
        "multiple_high_prob_numbers_bonus": 2.1370297083860113
    },
    "dev_card_heuristics": {
        "base_value": 4.5747622420439304,
        "knight_bonus": 3.3040056650957146,
        "victory_point_bonus": 7.0717714691911855,
        "monopoly_bonus": 4.343935934272773,
        "road_building_bonus": 4.291386564459095,
        "year_of_plenty_bonus": 5.152334364528675
    },
    "initial_placement_settlement": {
        "resource_production_base": 0.9003525710835782,
        "resource_priority": {
            "3": 0.9375305853209744,
            "2": 0.9063730172212362,
            "4": 0.7045240887279627,
            "0": 1.2022345277565363,
            "1": 1.0797074103109954
        },
        "production_probability_exponent": 0.8580426418771467,
        "new_resource_type_bonus": 1.7047920820908251,
        "port_access_bonus": 0.40467125045946556,
        "specific_port_match_bonus": 0.16444955102970277,
        "number_diversity_bonus": 0.5036776236822393,
        "avoid_single_resource_concentration_penalty": -1.6815637847260612,
        "fallback_to_random_if_best_score_below": 1.8747653799307007,
        "use_heuristic_for_fallback_road": 0.06832884569066765,
        "non_initial_player_multipliers": {
            "resource_diversity_bonus": 1.2027608787670303,
            "number_diversity_bonus": 1.0646453696359415,
            "port_access_bonus": 1.2410041936533147,
            "resource_production_base": 1.0312450932101762
        }
    },
    "initial_placement_road": {
        "to_second_potential_settlement_spot_bonus": 0.7904398341888139,
        "resource_variety_expansion_bonus": 0.7406538777055531,
        "general_expansion_bonus": 0.2035427892488966,
        "connect_to_high_prob_numbers_bonus": 0.4262026204313334
    },
    "robber_placement_heuristics": {
        "target_high_production_node_multiplier": 0.9287439755119534,
        "block_specific_resource_priority": {
            "3": 0.6923895892221751,
            "2": 0.7562502314090811,
            "4": 0.6239630737710627,
            "0": 1.01703505322029,
            "1": 1.047282673432715
        },
        "target_opponent_with_most_vps_bias": 0.5673651269576042,
        "avoid_own_nodes_penalty": -5.214413523387959,
        "randomness_factor": 0.11942581541188095,
        "target_leader_high_production_resource_bonus": 1.5209579286816157,
        "target_needed_resource_on_opponent_bonus": 1.021948876487398,
        "leader_vps_advantage_threshold_for_targeting": 1.8579686492851901
    },
    "discard_heuristics": {
        "resource_value_priority": {
            "3": 0.7894718182452058,
            "2": 0.6280972183728843,
            "4": 0.9427213026204297,
            "0": 0.7462546929106564,
            "1": 0.5636831028875432
        },
        "keep_for_settlement_bonus": -0.4224017997691959,
        "keep_for_city_bonus": -0.653587584946304,
        "keep_for_card_bonus": -0.33366138043433147
    },
    "trade_heuristics": {
        "willingness_to_trade_general": 0.4745016499991128,
        "resource_surplus_importance": {
            "3": 0.6199292154266156,
            "2": 0.516601862610231,
            "4": 0.9587030277149025,
            "0": 0.525538849445667,
            "1": 0.5884017745016602
        },
        "resource_needed_importance": {
            "3": 1.25299031910106,
            "2": 1.313535120156846,
            "4": 1.0275140936716742,
            "0": 1.0180015610816877,
            "1": 1.1927135942521667
        },
        "bank_trade_ratio_modifier": -0.2244229256957066,
        "port_trade_ratio_modifier": -0.09306539187403462,
        "accept_offer_resource_gain_factor": 1.030575118961283,
        "accept_offer_fairness_threshold": 0.8415997628969976,
        "min_score_for_self_initiated_trade": 0.47609778618311693,
        "vps_threshold_consider_leader_trade": 6.808333815221387,
        "penalty_trade_with_leader": 0.4080904284029716,
        "resource_surplus_threshold_for_proactive_trade": 4.856984897496552,
        "proactive_trade_score_bonus": 0.30223571154263906
    },
    "play_dev_card_heuristics": {
        "knight_immediate_threat_bonus": 1.0324074837172328,
        "knight_take_largest_army_bonus": 1.6576250095355656,
        "knight_maintain_largest_army_bonus": 1.1324848365376274,
        "knight_contest_largest_army_bonus": 0.8535773523799164,
        "knight_for_win_bonus": 5.742658328941207,
        "monopoly_potential_gain_threshold": 4.160665849696918,
        "year_of_plenty_immediate_build_bonus": 1.2283003946303728,
        "road_building_strategic_spot_bonus": 0.8899712854277015,
        "min_score_to_play_knight_on_start": 0.645763234102791,
        "early_game_turn_threshold": 10.58561029242242,
        "early_game_knight_suboptimal_start_boost": 0.9990696908226615,
        "early_game_knight_robber_on_key_tile_boost": 1.733084023731835
    }
}