{
    "build_actions": {
        "town": 1.097404449745795,
        "city": 0.3720386773489718,
        "road": 0.24955971624584283,
        "card": 0.10970341460224217,
        "late_game_pv_bonus_city": 4.148619664292446,
        "late_game_pv_card_multiplier": 1.9662647611946709,
        "late_game_vps_threshold": 5.637242371951595,
        "min_overall_score_threshold": 0.09071122307334725,
        "min_road_score_for_deterministic_build": 0.6914724461670438,
        "suboptimal_start_card_buy_bonus": 1.3923734062752293,
        "suboptimal_start_town_build_bonus": 2.6252087721661983,
        "suboptimal_start_road_build_bonus": 0.34892696148601376,
        "suboptimal_start_bonus_decay_turn": 10.775129503301056
    },
    "settlement_heuristics": {
        "resource_value_base": 1.2528863980410105,
        "resource_priority": {
            "3": 0.801159084204874,
            "2": 0.7516103340719243,
            "4": 0.30627786031799054,
            "0": 0.6677070680875392,
            "1": 0.802744931502674
        },
        "production_probability_exponent": 0.9092474939977351,
        "new_resource_type_bonus": 0.48061712160754744,
        "port_access_bonus": 0.3135971816096643,
        "specific_port_match_bonus": 0.08736485180617481,
        "number_diversity_bonus": 0.47720121865363796
    },
    "road_heuristics": {
        "to_potential_settlement_spot_bonus": 0.17609911323689142,
        "connects_to_own_settlement_bonus": 0.437077220093939,
        "longest_road_contribution_bonus": 0.4350501675112677,
        "port_access_bonus": 0.17328821954108492,
        "expansion_to_new_terrain_bonus": 0.3886504906570035,
        "fallback_suboptimal_road_build_probability": 0.37644947068937673,
        "fallback_suboptimal_road_action_score": 0.19199457908707623
    },
    "city_heuristics": {
        "resource_value_base": 0.8932756789615058,
        "resource_priority": {
            "3": 0.2512166154815565,
            "2": 0.3006532472014458,
            "4": 0.4951255336229754,
            "0": 0.4590007195007539,
            "1": 0.44488691325314644
        },
        "production_probability_exponent": 0.3383246958098439,
        "multiple_high_prob_numbers_bonus": 1.2560525204339137
    },
    "dev_card_heuristics": {
        "base_value": 2.8148989719860085,
        "knight_bonus": 5.41992238355531,
        "victory_point_bonus": 9.018069336393552,
        "monopoly_bonus": 2.809028182204959,
        "road_building_bonus": 2.251277973467576,
        "year_of_plenty_bonus": 4.300079696229872
    },
    "initial_placement_settlement": {
        "resource_production_base": 0.7604803610029516,
        "resource_priority": {
            "3": 0.24170964701398973,
            "2": 0.5116953309996236,
            "4": 0.24997550109425598,
            "0": 0.7407217743150853,
            "1": 0.5858714662836589
        },
        "production_probability_exponent": 0.5226547175055343,
        "new_resource_type_bonus": 2.509290664050795,
        "port_access_bonus": 0.7259822084553961,
        "specific_port_match_bonus": 0.10934062004039241,
        "number_diversity_bonus": 0.6105641517672067,
        "avoid_single_resource_concentration_penalty": -2.1982459382071786,
        "fallback_to_random_if_best_score_below": 2.088426737963573,
        "use_heuristic_for_fallback_road": 0.05306686890449518,
        "non_initial_player_multipliers": {
            "resource_diversity_bonus": 0.8072730878070036,
            "number_diversity_bonus": 0.26212265649876393,
            "port_access_bonus": 0.8376768539548918,
            "resource_production_base": 0.4801725394192521
        }
    },
    "initial_placement_road": {
        "to_second_potential_settlement_spot_bonus": 0.4710999300772069,
        "resource_variety_expansion_bonus": 0.6707889202576397,
        "general_expansion_bonus": 0.5659496141854199,
        "connect_to_high_prob_numbers_bonus": 0.3655779072145521
    },
    "robber_placement_heuristics": {
        "target_high_production_node_multiplier": 0.47470547927778617,
        "block_specific_resource_priority": {
            "3": 1.0,
            "2": 0.3442363520452451,
            "4": 0.5879049774850911,
            "0": 0.4730049509706194,
            "1": 0.6899026165334157
        },
        "target_opponent_with_most_vps_bias": 0.6998936214910716,
        "avoid_own_nodes_penalty": -2.994094637736872,
        "randomness_factor": 0.08325835279913539,
        "target_leader_high_production_resource_bonus": 3.705628185950926,
        "target_needed_resource_on_opponent_bonus": 0.3034486502737868,
        "leader_vps_advantage_threshold_for_targeting": 1.1771102535946079
    },
    "discard_heuristics": {
        "resource_value_priority": {
            "3": 0.3080676985079352,
            "2": 0.30447986919024356,
            "4": 0.3167658833070015,
            "0": 0.1918214157158814,
            "1": 0.23426567697637835
        },
        "keep_for_settlement_bonus": -0.916205878118308,
        "keep_for_city_bonus": -1.2459156418913389,
        "keep_for_card_bonus": -0.34851729134954945
    },
    "trade_heuristics": {
        "willingness_to_trade_general": 0.16867676584880503,
        "resource_surplus_importance": {
            "3": 0.8231705889845901,
            "2": 0.6324482039432887,
            "4": 0.3273759531641107,
            "0": 0.19495597884586757,
            "1": 0.34632886708506133
        },
        "resource_needed_importance": {
            "3": 2.14765889178269,
            "2": 1.0,
            "4": 0.13533687780038356,
            "0": 0.24632870353946285,
            "1": 0.43325368200457454
        },
        "bank_trade_ratio_modifier": -0.20622974881062073,
        "port_trade_ratio_modifier": -0.09117672296096216,
        "accept_offer_resource_gain_factor": 1.9303262168041333,
        "accept_offer_fairness_threshold": 0.5362474477386491,
        "min_score_for_self_initiated_trade": 0.6578748548890507,
        "vps_threshold_consider_leader_trade": 8.40385719373149,
        "penalty_trade_with_leader": 0.30752383493230295,
        "resource_surplus_threshold_for_proactive_trade": 3.5048130480461808,
        "proactive_trade_score_bonus": 0.1103362254682814
    },
    "play_dev_card_heuristics": {
        "knight_immediate_threat_bonus": 0.7279978955378879,
        "knight_take_largest_army_bonus": 0.2937173910704807,
        "knight_maintain_largest_army_bonus": 0.9534498456117613,
        "knight_contest_largest_army_bonus": 0.5700369879140916,
        "knight_for_win_bonus": 5.608608942796153,
        "monopoly_potential_gain_threshold": 2.7617726025321074,
        "year_of_plenty_immediate_build_bonus": 0.6313481667167775,
        "road_building_strategic_spot_bonus": 0.941423110681769,
        "min_score_to_play_knight_on_start": 0.46918565711200677,
        "early_game_turn_threshold": 14.27412758169531,
        "early_game_knight_suboptimal_start_boost": 1.0,
        "early_game_knight_robber_on_key_tile_boost": 1.152753949715447
    }
}