{
    "build_actions": {
        "town": 0.9635076122960502,
        "city": 0.5707413588199788,
        "road": 0.672155359838464,
        "card": 0.047315968620442975,
        "late_game_pv_bonus_city": 1.0446234495947369,
        "late_game_pv_card_multiplier": 0.6570708606943766,
        "late_game_vps_threshold": 3.971369532942779,
        "min_overall_score_threshold": 0.06170531846751477,
        "min_road_score_for_deterministic_build": 1.4777071763086125,
        "suboptimal_start_card_buy_bonus": 1.1694557094530724,
        "suboptimal_start_town_build_bonus": 3.487843500885318,
        "suboptimal_start_road_build_bonus": 0.7534479223164201,
        "suboptimal_start_bonus_decay_turn": 7.85025531353846
    },
    "settlement_heuristics": {
        "resource_value_base": 1.0,
        "resource_priority": {
            "3": 0.24510646409494585,
            "2": 0.7796838418205365,
            "4": 0.5441524911283412,
            "0": 0.5142727143116173,
            "1": 0.8115717819495998
        },
        "production_probability_exponent": 0.41222486025667127,
        "new_resource_type_bonus": 0.4933331492063434,
        "port_access_bonus": 0.09047425633486475,
        "specific_port_match_bonus": 0.48411948712897745,
        "number_diversity_bonus": 0.3761784211307587
    },
    "road_heuristics": {
        "to_potential_settlement_spot_bonus": 0.5651161063053702,
        "connects_to_own_settlement_bonus": 0.2523614589721963,
        "longest_road_contribution_bonus": 0.4354539848225619,
        "port_access_bonus": 0.13780246329748302,
        "expansion_to_new_terrain_bonus": 0.15952860847548406,
        "fallback_suboptimal_road_build_probability": 0.428113654866655,
        "fallback_suboptimal_road_action_score": 0.18750342637618664
    },
    "city_heuristics": {
        "resource_value_base": 0.5863047336000099,
        "resource_priority": {
            "3": 0.38304506244872083,
            "2": 0.7188707945541057,
            "4": 0.15060026691211975,
            "0": 0.49616068095387783,
            "1": 0.2378314516175035
        },
        "production_probability_exponent": 0.23417317142840666,
        "multiple_high_prob_numbers_bonus": 2.187126959711932
    },
    "dev_card_heuristics": {
        "base_value": 3.1293820137631045,
        "knight_bonus": 3.892026745448292,
        "victory_point_bonus": 6.349995514176253,
        "monopoly_bonus": 1.4250855297318525,
        "road_building_bonus": 13.542744126057615,
        "year_of_plenty_bonus": 7.262545091667744
    },
    "initial_placement_settlement": {
        "resource_production_base": 0.20301647610952972,
        "resource_priority": {
            "3": 0.3138925620015216,
            "2": 0.39841674039337666,
            "4": 0.3692606404175216,
            "0": 0.6252309302095952,
            "1": 0.7985195508093315
        },
        "production_probability_exponent": 0.3063763309886899,
        "new_resource_type_bonus": 0.9520925688263651,
        "port_access_bonus": 0.26263991107259615,
        "specific_port_match_bonus": 0.11899522324924428,
        "number_diversity_bonus": 0.6213463107228948,
        "avoid_single_resource_concentration_penalty": -1.2282629833381897,
        "fallback_to_random_if_best_score_below": 1.1370747566955643,
        "use_heuristic_for_fallback_road": 0.04332040480990369,
        "non_initial_player_multipliers": {
            "resource_diversity_bonus": 0.7537652248617502,
            "number_diversity_bonus": 0.1314471364338275,
            "port_access_bonus": 0.2897218041923445,
            "resource_production_base": 0.3449810940194041
        }
    },
    "initial_placement_road": {
        "to_second_potential_settlement_spot_bonus": 0.2932201606922468,
        "resource_variety_expansion_bonus": 0.2770652906141296,
        "general_expansion_bonus": 0.3413814962192292,
        "connect_to_high_prob_numbers_bonus": 0.375164700563027
    },
    "robber_placement_heuristics": {
        "target_high_production_node_multiplier": 0.7466132823305287,
        "block_specific_resource_priority": {
            "3": 0.7043174966737669,
            "2": 0.7496794767779043,
            "4": 0.46994092157955175,
            "0": 0.9157577488852378,
            "1": 0.8042971294355599
        },
        "target_opponent_with_most_vps_bias": 0.5567155157719852,
        "avoid_own_nodes_penalty": -9.933622566081628,
        "randomness_factor": 0.059596921018518795,
        "target_leader_high_production_resource_bonus": 2.2569272100736164,
        "target_needed_resource_on_opponent_bonus": 0.3485244839208127,
        "leader_vps_advantage_threshold_for_targeting": 0.3621784020659275
    },
    "discard_heuristics": {
        "resource_value_priority": {
            "3": 0.2898886105822186,
            "2": 0.1715044127237632,
            "4": 0.3788581056640429,
            "0": 0.5822015875163641,
            "1": 0.34116144448696045
        },
        "keep_for_settlement_bonus": -0.44141782570923815,
        "keep_for_city_bonus": -0.5713103936870394,
        "keep_for_card_bonus": -0.17733291390416833
    },
    "trade_heuristics": {
        "willingness_to_trade_general": 0.2259496080449982,
        "resource_surplus_importance": {
            "3": 0.3379517340036531,
            "2": 0.9832810745047251,
            "4": 0.3977201529266522,
            "0": 0.22593627559406604,
            "1": 0.4040861778597368
        },
        "resource_needed_importance": {
            "3": 2.4310532933888997,
            "2": 0.38026047791914286,
            "4": 0.18122999009375088,
            "0": 0.274230715249979,
            "1": 0.13092302114569182
        },
        "bank_trade_ratio_modifier": -0.16127863258663183,
        "port_trade_ratio_modifier": -0.07662656221934216,
        "accept_offer_resource_gain_factor": 1.5659388446529425,
        "accept_offer_fairness_threshold": 0.6901969605142224,
        "min_score_for_self_initiated_trade": 0.6430488737899036,
        "vps_threshold_consider_leader_trade": 6.187661206155477,
        "penalty_trade_with_leader": 0.13662489851240794,
        "resource_surplus_threshold_for_proactive_trade": 5.7137359272599575,
        "proactive_trade_score_bonus": 0.11598909766503139
    },
    "play_dev_card_heuristics": {
        "knight_immediate_threat_bonus": 0.7348866192029444,
        "knight_take_largest_army_bonus": 0.95285911362826,
        "knight_maintain_largest_army_bonus": 0.34999600688543797,
        "knight_contest_largest_army_bonus": 0.5123449504568376,
        "knight_for_win_bonus": 8.75739059969999,
        "monopoly_potential_gain_threshold": 3.4392289161718415,
        "year_of_plenty_immediate_build_bonus": 0.2870277565206797,
        "road_building_strategic_spot_bonus": 0.9204949015283389,
        "min_score_to_play_knight_on_start": 0.6901465502951987,
        "early_game_turn_threshold": 14.350883987484064,
        "early_game_knight_suboptimal_start_boost": 0.7525010077058415,
        "early_game_knight_robber_on_key_tile_boost": 0.5377954593688218
    }
}