{
    "build_actions": {
        "town": 0.8441907843811725,
        "city": 0.7179435979381238,
        "road": 0.7645564022699115,
        "card": 0.062258846276890434,
        "late_game_pv_bonus_city": 1.0179153660493068,
        "late_game_pv_card_multiplier": 0.715304441685789,
        "late_game_vps_threshold": 4.381746039711254,
        "min_overall_score_threshold": 0.05952645425428581,
        "min_road_score_for_deterministic_build": 1.5164357643537407,
        "suboptimal_start_card_buy_bonus": 1.2128279688312107,
        "suboptimal_start_town_build_bonus": 3.5060226082542263,
        "suboptimal_start_road_build_bonus": 0.6943741192302861,
        "suboptimal_start_bonus_decay_turn": 8.082247588091944
    },
    "settlement_heuristics": {
        "resource_value_base": 0.9797919699779887,
        "resource_priority": {
            "3": 0.2950011748701728,
            "2": 0.7814190339572545,
            "4": 0.4735772996447236,
            "0": 0.5718558488538538,
            "1": 0.7746714994019219
        },
        "production_probability_exponent": 0.43791610303316564,
        "new_resource_type_bonus": 0.46934847701792637,
        "port_access_bonus": 0.10335275697080756,
        "specific_port_match_bonus": 0.5146805350870629,
        "number_diversity_bonus": 0.3454685160615078
    },
    "road_heuristics": {
        "to_potential_settlement_spot_bonus": 0.4343590855018645,
        "connects_to_own_settlement_bonus": 0.24349000895217576,
        "longest_road_contribution_bonus": 0.4942071699798614,
        "port_access_bonus": 0.15337492188939264,
        "expansion_to_new_terrain_bonus": 0.1754362448279691,
        "fallback_suboptimal_road_build_probability": 0.4802460675144825,
        "fallback_suboptimal_road_action_score": 0.20519549914299684
    },
    "city_heuristics": {
        "resource_value_base": 0.6149513925776865,
        "resource_priority": {
            "3": 0.5133122147488806,
            "2": 0.6607056867157147,
            "4": 0.15524971932423823,
            "0": 0.5194964343772389,
            "1": 0.28561818692314767
        },
        "production_probability_exponent": 0.17045556008011536,
        "multiple_high_prob_numbers_bonus": 1.4887229581546206
    },
    "dev_card_heuristics": {
        "base_value": 3.4222467520069535,
        "knight_bonus": 3.6000593754254853,
        "victory_point_bonus": 6.202240007673729,
        "monopoly_bonus": 1.1721734959934165,
        "road_building_bonus": 12.666390231256944,
        "year_of_plenty_bonus": 7.785144944766149
    },
    "initial_placement_settlement": {
        "resource_production_base": 0.23719971843948956,
        "resource_priority": {
            "3": 0.3367900300988569,
            "2": 0.33729981910698253,
            "4": 0.339800738877517,
            "0": 0.407958407598216,
            "1": 0.8499879098748931
        },
        "production_probability_exponent": 0.29061906422383393,
        "new_resource_type_bonus": 0.9634393397501707,
        "port_access_bonus": 0.189158464973868,
        "specific_port_match_bonus": 0.1308748514512217,
        "number_diversity_bonus": 0.40376262711045413,
        "avoid_single_resource_concentration_penalty": -1.3826283143788543,
        "fallback_to_random_if_best_score_below": 1.2434948786235287,
        "use_heuristic_for_fallback_road": 0.05772068643591925,
        "non_initial_player_multipliers": {
            "resource_diversity_bonus": 0.7961330404347207,
            "number_diversity_bonus": 0.15662683750722162,
            "port_access_bonus": 0.3201110328295682,
            "resource_production_base": 0.3968454705461011
        }
    },
    "initial_placement_road": {
        "to_second_potential_settlement_spot_bonus": 0.3016151322282227,
        "resource_variety_expansion_bonus": 0.2774261053756042,
        "general_expansion_bonus": 0.3349143355952665,
        "connect_to_high_prob_numbers_bonus": 0.499382023631082
    },
    "robber_placement_heuristics": {
        "target_high_production_node_multiplier": 0.7523487122847214,
        "block_specific_resource_priority": {
            "3": 0.7422643041041064,
            "2": 0.8214158351670275,
            "4": 0.47653933415758276,
            "0": 0.7293949158341317,
            "1": 1.0
        },
        "target_opponent_with_most_vps_bias": 0.6758616795907311,
        "avoid_own_nodes_penalty": -10.59128927018344,
        "randomness_factor": 0.052040726040770424,
        "target_leader_high_production_resource_bonus": 2.2334499835801456,
        "target_needed_resource_on_opponent_bonus": 0.37600853096072195,
        "leader_vps_advantage_threshold_for_targeting": 0.34625679009027704
    },
    "discard_heuristics": {
        "resource_value_priority": {
            "3": 0.2790199567280281,
            "2": 0.1732743889254655,
            "4": 0.37162532106892954,
            "0": 0.5593793537183609,
            "1": 0.3456181307285092
        },
        "keep_for_settlement_bonus": -0.4494523139985809,
        "keep_for_city_bonus": -0.5621188875095191,
        "keep_for_card_bonus": -0.23187696691673532
    },
    "trade_heuristics": {
        "willingness_to_trade_general": 0.1880256553269753,
        "resource_surplus_importance": {
            "3": 0.3384183506015064,
            "2": 0.9403259545041688,
            "4": 0.3742790567695962,
            "0": 0.20090051798463016,
            "1": 0.6363742183906158
        },
        "resource_needed_importance": {
            "3": 2.301431478989314,
            "2": 0.36276101679314354,
            "4": 0.16698211817767,
            "0": 0.30151152588268804,
            "1": 0.12187785195185241
        },
        "bank_trade_ratio_modifier": -0.16840136912833392,
        "port_trade_ratio_modifier": -0.06143443079238263,
        "accept_offer_resource_gain_factor": 1.4019264392992152,
        "accept_offer_fairness_threshold": 0.7032755017071551,
        "min_score_for_self_initiated_trade": 0.5959150342428476,
        "vps_threshold_consider_leader_trade": 6.545015822772676,
        "penalty_trade_with_leader": 0.1490712697937489,
        "resource_surplus_threshold_for_proactive_trade": 5.930094298500403,
        "proactive_trade_score_bonus": 0.1134156100716951
    },
    "play_dev_card_heuristics": {
        "knight_immediate_threat_bonus": 0.7081197130333905,
        "knight_take_largest_army_bonus": 0.8523923993480669,
        "knight_maintain_largest_army_bonus": 0.353081955383467,
        "knight_contest_largest_army_bonus": 0.5492498354273148,
        "knight_for_win_bonus": 9.220757646419766,
        "monopoly_potential_gain_threshold": 3.425813380526976,
        "year_of_plenty_immediate_build_bonus": 0.35551490383060413,
        "road_building_strategic_spot_bonus": 0.9198362107615853,
        "min_score_to_play_knight_on_start": 0.673452637544047,
        "early_game_turn_threshold": 14.749105052477564,
        "early_game_knight_suboptimal_start_boost": 0.8170648428805005,
        "early_game_knight_robber_on_key_tile_boost": 0.5704208219912457
    }
}