{
    "build_actions": {
        "town": 1.0434078596242222,
        "city": 0.6175053647666615,
        "road": 0.6204533579235786,
        "card": 0.07813213536106081,
        "late_game_pv_bonus_city": 1.5752058702746121,
        "late_game_pv_card_multiplier": 0.7511138795628907,
        "late_game_vps_threshold": 4.288784269287821,
        "min_overall_score_threshold": 0.06204953899376228,
        "min_road_score_for_deterministic_build": 1.5337671795025445,
        "suboptimal_start_card_buy_bonus": 1.1116049027470405,
        "suboptimal_start_town_build_bonus": 3.159819200171558,
        "suboptimal_start_road_build_bonus": 0.5297212235333433,
        "suboptimal_start_bonus_decay_turn": 8.607437864962158
    },
    "settlement_heuristics": {
        "resource_value_base": 1.0,
        "resource_priority": {
            "3": 0.2410447496076646,
            "2": 0.8454902452125477,
            "4": 0.44797025323590606,
            "0": 0.7042398855488541,
            "1": 0.8653340798524225
        },
        "production_probability_exponent": 0.459601585856143,
        "new_resource_type_bonus": 0.4881745265458102,
        "port_access_bonus": 0.1285605801527578,
        "specific_port_match_bonus": 0.5252758772664259,
        "number_diversity_bonus": 0.2971683491401154
    },
    "road_heuristics": {
        "to_potential_settlement_spot_bonus": 0.458977200306359,
        "connects_to_own_settlement_bonus": 0.2157508089956875,
        "longest_road_contribution_bonus": 0.6342774196363528,
        "port_access_bonus": 0.17564987256072828,
        "expansion_to_new_terrain_bonus": 0.13715924296274307,
        "fallback_suboptimal_road_build_probability": 0.4318718971488731,
        "fallback_suboptimal_road_action_score": 0.21258879095158678
    },
    "city_heuristics": {
        "resource_value_base": 0.6883389155056953,
        "resource_priority": {
            "3": 0.3479423508763884,
            "2": 0.6658746199932255,
            "4": 0.15179425215790412,
            "0": 0.48401425637449513,
            "1": 0.35797853332993557
        },
        "production_probability_exponent": 0.31708331571182674,
        "multiple_high_prob_numbers_bonus": 2.3231430127148256
    },
    "dev_card_heuristics": {
        "base_value": 2.367772886546013,
        "knight_bonus": 4.682598016719423,
        "victory_point_bonus": 6.630009634484009,
        "monopoly_bonus": 1.2217791248111007,
        "road_building_bonus": 13.717945826640289,
        "year_of_plenty_bonus": 5.632923139695961
    },
    "initial_placement_settlement": {
        "resource_production_base": 0.1928930562679722,
        "resource_priority": {
            "3": 0.34709567181919754,
            "2": 0.46197012137194976,
            "4": 0.31746819565803813,
            "0": 0.7448636405112148,
            "1": 0.8771942433993738
        },
        "production_probability_exponent": 0.2389788377389977,
        "new_resource_type_bonus": 1.0449448184818184,
        "port_access_bonus": 0.1735543913890614,
        "specific_port_match_bonus": 0.1477609819221831,
        "number_diversity_bonus": 0.5587854942760231,
        "avoid_single_resource_concentration_penalty": -1.004089682986077,
        "fallback_to_random_if_best_score_below": 1.5949466712073999,
        "use_heuristic_for_fallback_road": 0.055115540166431484,
        "non_initial_player_multipliers": {
            "resource_diversity_bonus": 0.5775489781310348,
            "number_diversity_bonus": 0.1371890788000888,
            "port_access_bonus": 0.2662350146913033,
            "resource_production_base": 0.2816736307528632
        }
    },
    "initial_placement_road": {
        "to_second_potential_settlement_spot_bonus": 0.2589848634524367,
        "resource_variety_expansion_bonus": 0.311002583731843,
        "general_expansion_bonus": 0.35933766237631654,
        "connect_to_high_prob_numbers_bonus": 0.3924936232663253
    },
    "robber_placement_heuristics": {
        "target_high_production_node_multiplier": 0.6804807038040348,
        "block_specific_resource_priority": {
            "3": 0.749189502150142,
            "2": 0.9323016368332964,
            "4": 0.45299505086630343,
            "0": 0.9305320354667848,
            "1": 0.8654861755260344
        },
        "target_opponent_with_most_vps_bias": 0.7319004377788851,
        "avoid_own_nodes_penalty": -10.541743725854815,
        "randomness_factor": 0.06249004459350342,
        "target_leader_high_production_resource_bonus": 2.0937522721621424,
        "target_needed_resource_on_opponent_bonus": 0.4261450164176427,
        "leader_vps_advantage_threshold_for_targeting": 0.3276688555458463
    },
    "discard_heuristics": {
        "resource_value_priority": {
            "3": 0.3998459265570746,
            "2": 0.17148850846491562,
            "4": 0.3695939413175412,
            "0": 0.6117033838970538,
            "1": 0.359738589762841
        },
        "keep_for_settlement_bonus": -0.4052642818185906,
        "keep_for_city_bonus": -0.49708076690708974,
        "keep_for_card_bonus": -0.2229676787118973
    },
    "trade_heuristics": {
        "willingness_to_trade_general": 0.33624247442259064,
        "resource_surplus_importance": {
            "3": 0.33641779982398623,
            "2": 1.0,
            "4": 0.3572259536811594,
            "0": 0.2534019550356633,
            "1": 0.5281673519595201
        },
        "resource_needed_importance": {
            "3": 2.170233647715403,
            "2": 0.3863600955583762,
            "4": 0.12218258934323989,
            "0": 0.2735188247836698,
            "1": 0.10719572259875951
        },
        "bank_trade_ratio_modifier": -0.19573805374826125,
        "port_trade_ratio_modifier": -0.056060826544190576,
        "accept_offer_resource_gain_factor": 1.7264650639951835,
        "accept_offer_fairness_threshold": 0.7647402580799212,
        "min_score_for_self_initiated_trade": 0.6344421683820141,
        "vps_threshold_consider_leader_trade": 7.463775225683957,
        "penalty_trade_with_leader": 0.16645105930507334,
        "resource_surplus_threshold_for_proactive_trade": 6.439720530418072,
        "proactive_trade_score_bonus": 0.12564820370404103
    },
    "play_dev_card_heuristics": {
        "knight_immediate_threat_bonus": 0.7044609310726654,
        "knight_take_largest_army_bonus": 0.9672569434839259,
        "knight_maintain_largest_army_bonus": 0.37651808950530563,
        "knight_contest_largest_army_bonus": 0.5575348228652819,
        "knight_for_win_bonus": 7.924068573156795,
        "monopoly_potential_gain_threshold": 3.0661465664966254,
        "year_of_plenty_immediate_build_bonus": 0.479502349042192,
        "road_building_strategic_spot_bonus": 0.9429298845997982,
        "min_score_to_play_knight_on_start": 0.8230101744818301,
        "early_game_turn_threshold": 10.142860852251886,
        "early_game_knight_suboptimal_start_boost": 0.8831261453936949,
        "early_game_knight_robber_on_key_tile_boost": 0.5419334413334747
    }
}