{
    "build_actions": {
        "town": 1.417595883051347,
        "city": 0.8145341453680206,
        "road": 0.8040092330980397,
        "card": 0.48129776864101104,
        "late_game_pv_bonus_city": 1.108667027355517,
        "late_game_pv_card_multiplier": 1.7623986362821302,
        "late_game_vps_threshold": 8.864431255276457,
        "min_overall_score_threshold": 0.12490734565427962,
        "min_road_score_for_deterministic_build": 1.2866141497649344,
        "suboptimal_start_card_buy_bonus": 1.5980136959765343,
        "suboptimal_start_town_build_bonus": 1.9826932186936779,
        "suboptimal_start_road_build_bonus": 0.6062942408353453,
        "suboptimal_start_bonus_decay_turn": 9.847156612880317
    },
    "settlement_heuristics": {
        "resource_value_base": 0.7125216002793492,
        "resource_priority": {
            "3": 1.1503857796247068,
            "2": 1.0168610335457897,
            "4": 0.9252085374721581,
            "0": 1.1545496124118486,
            "1": 0.9711443927354386
        },
        "production_probability_exponent": 1.3035131514134806,
        "new_resource_type_bonus": 0.28194241205701237,
        "port_access_bonus": 0.29505457918860784,
        "specific_port_match_bonus": 0.36971243599916315,
        "number_diversity_bonus": 0.22596735573255522
    },
    "road_heuristics": {
        "to_potential_settlement_spot_bonus": 0.46481534763616794,
        "connects_to_own_settlement_bonus": 0.40639139816451075,
        "longest_road_contribution_bonus": 0.4068653989565601,
        "port_access_bonus": 0.3286627803161228,
        "expansion_to_new_terrain_bonus": 0.2148903317429634,
        "fallback_suboptimal_road_build_probability": 0.39213885074507965,
        "fallback_suboptimal_road_action_score": 0.5127972342223492
    },
    "city_heuristics": {
        "resource_value_base": 1.696479744014748,
        "resource_priority": {
            "3": 0.39802695196039983,
            "2": 0.5165963023712499,
            "4": 0.33507723543475754,
            "0": 1.1235772879150967,
            "1": 1.593165455836881
        },
        "production_probability_exponent": 1.4020794181386091,
        "multiple_high_prob_numbers_bonus": 2.924617333045234
    },
    "dev_card_heuristics": {
        "base_value": 6.449804479485162,
        "knight_bonus": 2.4924306498322943,
        "victory_point_bonus": 7.566432790682244,
        "monopoly_bonus": 3.213770757690844,
        "road_building_bonus": 3.0788857204325857,
        "year_of_plenty_bonus": 3.0715011159605874
    },
    "initial_placement_settlement": {
        "resource_production_base": 0.6779385329091017,
        "resource_priority": {
            "3": 0.9087975285362232,
            "2": 0.6695289934608971,
            "4": 0.9805024827175182,
            "0": 0.5858896072013292,
            "1": 0.8015254807024266
        },
        "production_probability_exponent": 1.0846769170592485,
        "new_resource_type_bonus": 1.5315566664140017,
        "port_access_bonus": 0.2599252347798123,
        "specific_port_match_bonus": 0.17817564306897204,
        "number_diversity_bonus": 0.6463604226516935,
        "avoid_single_resource_concentration_penalty": -2.264044042763663,
        "fallback_to_random_if_best_score_below": 1.5890614905474696,
        "use_heuristic_for_fallback_road": 0.0,
        "non_initial_player_multipliers": {
            "resource_diversity_bonus": 0.8701181929526476,
            "number_diversity_bonus": 0.699217796295611,
            "port_access_bonus": 1.6129334422292794,
            "resource_production_base": 0.5174209653920433
        }
    },
    "initial_placement_road": {
        "to_second_potential_settlement_spot_bonus": 0.4270358313449889,
        "resource_variety_expansion_bonus": 0.8655718324347449,
        "general_expansion_bonus": 0.2118168321296806,
        "connect_to_high_prob_numbers_bonus": 0.32859746168012166
    },
    "robber_placement_heuristics": {
        "target_high_production_node_multiplier": 0.6662951635173446,
        "block_specific_resource_priority": {
            "3": 1.0716682731505596,
            "2": 1.0622347137978165,
            "4": 0.9552524764894192,
            "0": 0.606690180705028,
            "1": 1.3133554311477775
        },
        "target_opponent_with_most_vps_bias": 0.3591322439370331,
        "avoid_own_nodes_penalty": -5.494998776621422,
        "randomness_factor": 0.06798872045432716,
        "target_leader_high_production_resource_bonus": 1.1487597676311951,
        "target_needed_resource_on_opponent_bonus": 1.1946032742793882,
        "leader_vps_advantage_threshold_for_targeting": 2.93222868282837
    },
    "discard_heuristics": {
        "resource_value_priority": {
            "3": 0.76972814458893,
            "2": 1.1314541777263811,
            "4": 0.6586457295227839,
            "0": 0.4896235372969087,
            "1": 0.7190969587446613
        },
        "keep_for_settlement_bonus": -0.5089602346071436,
        "keep_for_city_bonus": -0.7365919668572418,
        "keep_for_card_bonus": -0.44704126581913217
    },
    "trade_heuristics": {
        "willingness_to_trade_general": 0.43029305947910457,
        "resource_surplus_importance": {
            "3": 0.43321916560566665,
            "2": 0.6248410189531863,
            "4": 0.7464488093090625,
            "0": 0.5750300125499814,
            "1": 0.34015604105477554
        },
        "resource_needed_importance": {
            "3": 1.5472069310907208,
            "2": 0.8197784200674283,
            "4": 0.6238082698952644,
            "0": 1.5010241829503206,
            "1": 1.0508515221876522
        },
        "bank_trade_ratio_modifier": -0.2772405122373324,
        "port_trade_ratio_modifier": -0.12179243275865641,
        "accept_offer_resource_gain_factor": 0.5760817851744361,
        "accept_offer_fairness_threshold": 1.1659553991506055,
        "min_score_for_self_initiated_trade": 0.6523836309603315,
        "vps_threshold_consider_leader_trade": 6.578558137021764,
        "penalty_trade_with_leader": 0.33125368924402493,
        "resource_surplus_threshold_for_proactive_trade": 7.178408745464135,
        "proactive_trade_score_bonus": 0.2913552937569776
    },
    "play_dev_card_heuristics": {
        "knight_immediate_threat_bonus": 1.4246650520337727,
        "knight_take_largest_army_bonus": 1.5174549268653759,
        "knight_maintain_largest_army_bonus": 0.7371876212629667,
        "knight_contest_largest_army_bonus": 1.0662728541049211,
        "knight_for_win_bonus": 6.487870612611334,
        "monopoly_potential_gain_threshold": 4.156998695399993,
        "year_of_plenty_immediate_build_bonus": 1.0048121987460958,
        "road_building_strategic_spot_bonus": 0.7531895541456466,
        "min_score_to_play_knight_on_start": 0.7851619168140577,
        "early_game_turn_threshold": 11.847845970898883,
        "early_game_knight_suboptimal_start_boost": 1.3806038116776818,
        "early_game_knight_robber_on_key_tile_boost": 1.3949770800421037
    }
}